language_name,lat,lon
Naaguja,-28.136,114.764
Pindiini,-29.466,127.766
Wangkatja,-29.866,122.699
Wilyara,-26.8,120.416
Gula,-27.99,122.702
Marawa,-28.772,125.346
Waljen,-29.231,122.723
Wangkatha,-29.778,121.918
Widi,-28.827,116.722
Badimaya,-28.593,117.185
Kuwarra,-28.182,120.345
Nangadadjara / Nyanganyatjara,-28.684,124.803
Nyaki Nyaki / Njaki Njaki,-32.391,118.755
Gurduwanga,-25.669,117.547
Djalgandi,-27.646,122.973
Mudalga,-27.752,123.655
Bunggura,-27.286,130.463
Wawula,-25.01,121.12
Kalarku,-32.11,121.488
Ngadawanga,-26.402,119.58
Tjupan,-27.118,120.566
Nakako,-27.223,128.511
Mantjintjarra,-27.254,126.085
Mangu,-25.58,119.775
Nanadjara,-26.064,123.488
Ngaanyatjarra,-25.8,127.353
Wajarri,-26.1,116.993
Ngadjumaya / Ngadju,-32.325,123.741
Ngaatjatjarra,-25.081,128.542
Ngarla,-23.8,117.607
Wirdinya,-23.834,120.471
Kaalamaya,-30.264,119.013
Nyiyaparli,-22.924,120.196
Manyjilyjarra,-22.574,124.906
Kartujarra,-23.283,122.063
Kiyajarra,-23.51,125.953
BANYJIMA,-22.743,118.373
Putijarra,-24.295,122.615
Palyku,-22.239,120.161
Dargudi,-23.069,121.046
Nyamal,-21.22,120.029
Ibarga,-21.242,122.309
Nungara,-30.289,120.595
Widagari,-21.328,120.639
NYANGUMARTA,-20.479,122.029
Warnman,-22.235,123.052
Karajarri,-18.817,122.323
Mangala,-19.64,123.968
Walmajarri,-19.467,126.151
Yulparija,-21.184,124.955
Kukatja,-20.489,127.024
Bunara,-20.709,129.046
Maduwongga,-30.174,121.514
Nhugarn,-25.805,115.476
Ngurlipartu,-21.243,122.328
Walyirli,-20.059,121.896
Fraser Range,-32.175,123.474
Bundjuwanga,-21.088,119.397
Pantikura,-22.558,118.504
Mijaranypa,-23.0,118.145
Ju'una,-22.001,119.455
Yinhawangka,-24.456,119.078
Tjeraridjal,-30.432,123.783
WESTERN DESERT LANGUAGE,-26.337,127.108
Wirdjaragandja,-26.305,131.911
Njangadjadjara,-30.682,131.492
Kurajarra,-22.91,122.363
Martu Wangka,-23.351,123.668
Wangkajunga,-20.576,126.503
Juwaliny,-20.644,124.699
Pililuna,-19.667,127.6
Murunitja,-30.302,126.031
Nyardi,-18.623,125.276
Tjapanmay,-30.964,117.054
Nhanhagardi,-29.218,115.275
Witjaari,-31.756,116.21
Natingero,-29.374,118.367
Mandara,-23.364,119.281
Cheangwa language,-27.499,116.402
Norseman,-32.242,121.763
Mirniny,-31.293,128.153
Pintupi,-23.37,127.582
Antekerrepenhe,-22.754,137.621
Kaytetye,-21.02,134.07
Alyawarr,-21.948,135.534
Wakirti Warlpiri,-20.672,133.095
WARLPIRI,-20.434,131.052
Wakaya,-20.153,136.169
Warlmanpa,-19.25,132.871
Warumungu,-19.603,134.505
Wambaya,-18.173,135.431
Wirangu,-31.536,133.522
GURINDJI,-17.462,129.808
Jingulu,-17.351,133.702
Gunindirri,-17.669,136.845
MUDBURRA,-17.44,131.91
Gudanji,-16.981,135.256
NGARINYMAN,-16.59,130.255
Akarre,-22.843,135.363
Lower Arrernte,-25.955,135.393
Ngalia,-29.198,129.48
Eastern Gurindji,-17.749,130.406
Baranha,-22.081,148.199
Eastern Mudburra,-17.557,131.996
Eastern Ngarinyman,-16.556,130.512
Karranga,-16.215,131.361
Kartangarurru,-19.25,130.481
Kuwarranyji,-16.721,132.337
Western Mudburra,-16.767,131.455
Wurlayi,-16.342,129.648
Ngardilypa,-19.623,129.736
Wawulya,-21.805,130.044
Kokatha,-29.659,133.415
Warnayaka,-19.739,130.703
Yarlpiri,-20.484,132.132
Warrmarla,-20.509,129.748
Ngaliya,-21.809,131.187
Wenamba,-23.708,128.749
Nyiwanawu,-16.339,129.682
Yankunytjatjara,-26.624,132.261
Antikirinya,-27.03,134.017
Pitjantjatjara,-25.664,130.066
Luritja,-24.947,133.152
Kukatja,-24.043,131.428
Anmatyerr,-22.255,133.262
Arrernte,-23.913,134.261
Wiradjuri,-33.909,147.257
Pulaali,-31.49,141.77
PAAKANTYI / PAAKANTJI / BARKINDJI,-31.633,142.778
Thangkaali,-33.194,140.536
Guyinbaraay,-31.084,149.6
Wilyakali,-31.948,140.99
Pantyikali,-30.49,142.685
Wangaaypuwan,-31.413,145.819
Nhaawuparlku,-30.971,144.166
Wemba Wemba,-35.341,144.142
Wayilwan,-31.018,148.027
Wanyuparlku,-31.901,142.342
NGIYAMPAA / NGEMPA,-31.27,146.705
Gamilaraay / Gamilaroi / Kamilaroi,-29.723,149.833
Southern Anaiwan,-30.71,151.352
Kurnu,-29.76,145.331
Barranbinya,-29.78,146.269
Yuwaalaraay,-29.313,148.276
Wiriyaraay,-29.113,150.621
Gambuwal,-28.619,151.442
Yorta Yorta,-36.094,145.264
Kullilli,-28.366,143.531
Budjari / Badjiri,-28.434,145.228
MURUWARI,-29.068,145.798
Guwamu,-28.415,147.725
Bigambul,-28.141,150.175
Guyambal,-29.341,151.249
Geynyan,-28.183,152.184
Gunggari,-27.368,146.96
KOGAI,-27.423,147.942
Gawambaraay,-28.622,150.325
Ngunawal / Ngunnawal,-34.98,149.087
Barunggam,-26.795,150.447
Giabal,-27.69,151.756
Margany,-27.273,144.577
Gunya,-26.785,146.161
Mandandanji,-27.018,148.502
Wadjalang / Dharawala,-25.635,145.272
Jeithi,-35.512,145.981
Nguri,-25.602,147.802
PaaRuntyi,-29.458,144.315
Parrintyi,-32.818,143.527
Kungakuri,-29.105,146.395
Wadi Wadi,-35.087,143.37
Nuntukuri,-29.872,145.952
Purukuri,-29.72,144.266
Thinuntu,-29.839,146.326
Kuntakuri,-29.297,146.908
Yuwaalayaay,-29.604,147.54
Milpulo,-31.808,142.414
Barababaraba,-35.674,144.611
Kureinji,-34.231,142.422
Southern Paakantyi,-32.722,142.565
Canberra language,-35.475,148.998
Northern Anaiwan,-30.128,151.476
Wirraayaraay,-32.098,148.587
Wirraay-Wirraay,-28.22,148.197
Marrawarra,-33.666,141.449
Yitha Yitha,-33.873,143.941
Mutti Mutti / Muthi Muthi,-33.753,142.722
Nari Nari,-34.419,144.4
Yaygirr^,-29.687,153.188
Yugambal,-29.757,151.05
Bundjalung^,-29.251,153.075
Jandai,-27.773,153.399
Gidhabal,-28.501,152.32
Wiyabal,-28.733,153.236
Galibal,-28.533,152.867
Dinggabal,-28.738,152.284
Wahlubal,-28.888,152.508
Wiyabal,-29.308,152.228
Yugambeh,-28.095,152.981
Minyangbal,-28.554,153.498
Geawegal,-32.52,151.212
Duungidjawu,-26.973,152.574
Moondjan,-27.472,153.469
Ngoera,-27.069,152.359
Yuggera,-27.709,152.547
Buyibara,-27.221,152.928
Dalla,-26.775,152.668
Guwar,-27.168,153.4
Djagunda,-26.05,150.835
Wakka Wakka^,-26.451,151.903
Gubbi Gubbi,-26.006,152.668
Warrimay,-32.487,151.997
Butchulla,-25.337,153.033
Yiman,-25.589,149.577
GOORENG GOORENG,-24.905,151.79
Taribelang,-24.807,152.039
Gungabula,-25.6,148.644
Goeng Goeng,-24.267,151.682
Bidjara / Bidyara,-24.903,147.121
Garaynbal,-23.33,149.134
Wadjigu,-24.809,148.573
Birrbay,-31.647,152.134
Gangulu,-24.186,150.151
Tulua,-24.39,150.999
Baiali,-23.644,150.885
Yagalingu,-23.157,146.633
Gayiri,-23.794,147.898
Gabulbarra,-22.869,148.725
DARUMBAL,-22.716,150.06
Wangan,-22.797,147.609
Baradha,-21.982,148.925
Guwinmal,-22.28,149.796
Ngaku,-31.07,152.934
Miyan,-21.813,146.184
Yambina,-22.314,147.475
Yangga,-20.928,147.256
Yilba,-20.767,146.048
Biri^,-20.508,147.989
Wiri,-21.299,148.704
Giya,-20.402,148.463
Ngaro,-20.295,148.935
Ngambaa,-30.815,152.89
Gudjal,-19.708,145.436
Bindal,-19.564,147.111
Yuru,-19.827,147.675
Yetimarala / Yetimarla,-22.894,149.484
Ganulu,-23.655,149.011
Mandalgu,-24.466,149.382
Yugarabul,-27.278,153.025
Gathang^,-31.983,152.416
Ngarbal,-29.528,151.781
Dhanggati / Dunghutti^,-30.906,152.417
Burrgati,-30.422,151.941
Birihn,-29.048,152.859
Casino language,-28.854,152.987
Nyangbal,-28.922,153.422
Mununjali,-28.127,152.915
Nerang Creek,-28.083,153.241
Nganduwal,-28.352,153.304
Ngarahgwal,-27.886,153.328
Gumbaynggirr,-30.088,152.446
Wehlubal,-29.224,152.552
Jarowair,-27.212,151.678
Wapabara,-23.191,150.967
Rakiwara,-23.069,150.781
Karunbara,-23.532,150.1
Gambalamam,-30.378,152.671
Turrbal,-27.507,153.052
Nungali,-15.59,130.857
Dungibara,-27.201,152.552
Garumngar,-27.353,152.695
Wuli Wuli,-25.303,150.636
Baanbay,-30.059,152.111
Nalbo,-26.769,152.886
Marbal,-29.114,151.874
Ngarabal,-29.486,152.683
Guringay,-32.513,151.699
Yunggaya,-29.464,153.216
Warluwarra^,-21.762,138.429
Bularnu,-20.657,138.275
Ayerrerenge,-21.394,137.415
Kalkatungu / Kalkadoon,-20.887,139.89
Indjilandji,-19.327,137.462
Wakabunga,-19.539,139.065
Wunumara,-20.913,141.853
Mayi-Thakurti / Mitakoodi,-19.947,140.69
Ngawun,-19.803,141.963
Nguburinji,-18.534,139.036
Wangkamanha / Wankamadla,-24.331,137.424
Mayi-Yapi,-19.076,140.447
Mbara,-19.85,143.395
Waanyi,-18.313,137.621
Mayi-Kutuna,-19.121,139.896
Mayi-Kulan,-18.78,141.812
Mingginda,-18.023,139.553
Kukatj,-18.132,140.365
Gundara,-16.052,141.816
Gkuthaarn,-17.369,141.115
Kurtjar,-16.747,141.418
Yukulta / Ganggalidda,-17.341,138.751
Kayardild,-17.031,139.489
Walangama,-17.886,141.935
Yangkaal,-16.905,138.981
Lardil,-16.564,139.459
Kunkalanya,-23.638,139.288
Ngulupulu,-24.056,139.818
Parnkarra,-21.26,138.81
Dhidhani,-20.477,138.262
Kapula,-22.133,138.596
Mayi-Yali,-18.942,139.748
Marrago,-18.271,140.167
Jangrala,-17.851,138.683
Rakaya,-23.424,140.137
Wangka-Yutjurru^,-22.882,138.566
Pitta Pitta,-22.628,139.725
Ringu Ringu,-22.879,140.265
Yalarnnga,-21.822,139.713
Guwa,-22.037,142.319
Yanda,-22.085,140.739
Warrwa,-17.276,124.014
Walki,-17.846,127.063
Jaru,-18.517,128.228
Nyulnyul,-17.028,122.706
Unggumi,-17.089,124.869
Bardi,-16.668,122.902
Jawi,-16.442,123.268
Worrorra,-15.621,124.876
Ngarinyin,-16.004,126.005
Guwij,-15.289,127.05
Yawuru,-17.944,122.625
Gija / Kija,-17.424,127.391
Wanyjirra,-18.106,129.706
Wunambal,-14.879,125.464
Andedja,-17.349,126.128
Munumburu,-15.278,127.528
Wolyamidi,-15.637,127.364
Miriwoong / Miriuwung,-15.886,128.868
Jugun,-17.787,122.445
Malngin,-17.235,129.354
Yiiji,-15.139,127.989
Kuluwarrang,-16.377,127.978
Jiyil,-17.217,130.539
Wilawila,-15.078,127.023
Gunin,-14.627,127.667
Gajirrabeng,-15.293,129.275
Gaambera,-14.218,126.342
Nyikina,-18.259,124.061
Worla,-16.428,127.219
Miwa,-14.127,127.042
Ngalarrunga,-15.901,133.197
Julbayi,-18.197,122.536
Umida,-16.323,123.86
Ngumbarl,-17.515,122.492
Doolboong,-15.036,128.457
Wawarl,-18.27,127.85
Ngarnawu,-16.188,127.289
Yawijibaya,-16.031,124.149
Marangan,-17.97,122.997
Unggarrangu,-16.694,123.671
Winjarumi,-15.302,124.259
Bunuba,-17.725,125.605
Bayimbarr,-15.633,127.974
Giwajbem,-16.31,128.251
Gooniyandi,-18.591,126.179
Nyininy,-18.069,128.586
Jabirr Jabirr,-17.232,122.527
Nimanburru,-17.265,123.134
Adnyamathanha,-30.35,138.883
Pirlatapa,-29.839,140.1
Wadigali,-29.261,141.21
ARABANA,-28.417,136.084
Dhirari,-28.598,137.775
Karenggapa,-29.176,142.669
Gungadidji,-26.352,142.025
Dieri,-28.228,139.058
Yandruwandha^,-28.326,140.392
Dhiraila,-28.014,142.239
Narungga/Nharangga,-34.482,137.591
Mambangurra,-28.602,141.763
Ngamini,-26.944,138.961
Yawarrawarrka,-26.534,140.439
Wangkumara,-27.57,141.885
Punthamara,-27.343,143.502
Wangkangurru,-25.886,137.182
Karangura,-25.975,138.734
Kunandaburi,-26.635,142.594
Nauo / Nawu,-33.704,135.44
Ngandangara,-26.823,143.239
Yarluyandi,-25.904,139.499
Karanya,-24.386,139.867
Marula,-25.356,141.624
Mithaka,-25.273,139.738
Karuwali,-24.96,141.031
Pirriya,-25.492,142.49
Kungkari,-24.538,144.275
Wadjabangai,-24.106,145.811
Kaurna,-34.427,138.408
Maiawali,-23.419,141.588
Iningai,-23.086,144.875
Yirandali,-21.157,144.283
Bidjara,-28.386,143.006
Yandjibara,-24.656,145.611
Parlpamardramardra,-27.513,141.244
Nhirrpi,-26.955,140.84
Matja,-27.323,139.963
Ngananhina,-26.339,140.96
Marunuda,-24.938,139.502
Nukunu,-32.818,138.069
Midlaliri,-29.187,135.384
Mikiri-nganha,-25.73,137.144
Wangkakupa,-28.914,136.16
Piltapalta,-27.722,136.026
Wangkatyaka,-27.495,137.585
Wailpi,-30.948,138.583
Yarrumada,-25.974,143.849
Minkabari,-28.873,142.602
Ngadjuri,-32.93,139.081
Malintji,-23.534,142.953
Ngurunta,-30.733,140.483
Parlpakurnu,-26.257,143.04
Barngarla,-32.688,136.81
Yadliawara,-31.098,139.804
Malyangapa,-30.556,141.567
Kuyani,-29.999,137.942
Marri Ngarr,-14.211,129.851
Ritharrngu,-12.976,135.397
Kuwema,-12.857,130.425
Marra,-15.041,135.412
Dhuwaya,-12.266,136.87
Dhay'yi,-13.374,135.762
Pungupungu,-13.377,130.447
Warndarrang,-15.043,135.345
Ngarnka,-16.452,134.826
Wubuy,-13.87,135.589
Matngala,-13.789,130.434
Binbinka,-16.361,136.046
Maranunggu,-13.759,130.272
Walu,-15.721,137.028
Kungarakany,-13.233,130.825
Anindilyakwa,-13.931,136.585
Yanyuwa,-15.802,136.808
Garrwa^,-16.857,137.274
NGAN'GI,-14.228,130.364
Murrinh-kura,-14.716,129.946
Murrinhdiminin,-14.405,129.817
Emmi,-13.517,130.116
Ngan'gimerri,-14.005,130.612
Marri Tjevin,-13.893,129.849
Marri Amu,-13.812,129.81
Magati Ke,-14.088,129.715
Mariyedi,-13.721,130.051
Kerniyn'mi,-13.654,133.585
Maramanindji,-13.971,130.418
Kundedjnjenghmi,-12.679,133.429
Macquarie Harbour Tasmanian,-42.476,145.337
Kuninjku,-12.268,134.041
Galduyh,-13.566,134.389
Letpurrirt,-14.155,132.254
Urrirrk,-11.918,132.649
Ngarlahmi,-14.088,132.36
Ngorrkgowo,-13.452,131.678
Ngardawuli,-11.29,131.932
Ngen'giwumirri,-14.246,130.461
Ben Lomond,-41.516,147.802
Wurdang,-11.287,131.924
Gidjurra,-12.133,132.937
Manangkarri,-11.555,133.173
Ilgar,-11.071,132.907
Burdinmanduwij,-11.31,131.929
BININJ KUNWOK,-12.578,133.557
Garig,-11.246,132.418
Mukngirru,-12.928,130.537
Jaminjung,-15.154,130.39
Gun-narda,-12.128,134.662
Gun-narta,-12.107,134.488
Dhangu,-12.427,136.607
Dhuwal,-12.712,136.01
Dhuwala,-12.654,135.958
Ngaliwurru,-16.073,130.542
Gumadir,-12.481,133.564
Djangu,-12.147,136.421
Tiwi,-11.563,130.76
Nhangu,-11.853,135.702
MARRANJ,-13.653,130.074
Larrakia,-12.518,130.841
GIIMBIYU,-12.481,133.056
Muralidban,-12.241,134.182
Wandangbag,-12.313,132.978
Gonbudj,-12.453,132.156
Kiyuk,-13.168,130.054
Malak Malak,-13.549,130.552
Warray,-13.163,131.254
Yunggor,-13.597,130.413
Wagiman,-14.012,131.169
Wuna,-12.475,131.373
Batjamalh,-13.209,130.274
Wulwulam,-13.642,132.055
Kamu,-13.613,130.778
Wardaman,-15.357,131.527
Bilinarra,-16.967,130.745
Uwinymil,-13.312,131.775
Wurrugu,-11.361,132.093
Dagoman,-14.441,131.878
Iwaidja,-11.613,132.696
Murrinh-Patha,-14.747,130.003
Ngombur,-12.794,132.13
Ngaduk,-12.212,132.596
Bugurnidja,-12.766,132.702
Limilngan,-12.526,131.724
Mbukarla,-12.983,132.367
Mayali,-14.08,132.454
Marrku,-11.158,132.56
Amurdak,-11.95,132.874
Gaagudju,-12.434,132.672
Wada,-12.47,132.564
Mengerrdji,-12.351,133.024
Erre,-12.426,133.065
Jawoyn,-13.897,133.038
Dalabon,-13.316,134.029
Mawng,-11.814,133.364
Kunwinjku,-12.174,133.483
Urningangk,-12.546,133.056
Yangman,-15.414,132.499
Kunbarlang,-11.932,133.894
Menthe,-13.638,129.921
Kune,-12.398,134.387
Kundjeyhmi,-12.926,132.875
Yan-nhangu,-12.008,135.236
Rembarrnga,-13.231,134.454
Ndjébbana,-12.156,134.274
Gurr-goni,-12.228,134.287
Ngalakgan,-14.284,134.271
Mangarrayi,-14.891,133.619
Marrithiyel^,-13.835,130.013
Nakkara,-12.084,134.364
Gun-nartpa,-12.219,134.55
Burarra,-12.162,134.581
Yugul,-14.746,134.831
Ngan'gikurunggurr,-14.186,130.104
Ngandi,-14.009,134.906
Alawa,-15.524,134.48
Djinang,-12.338,134.863
Djinba^,-12.762,135.005
Wilingura,-15.709,135.931
Marridan,-13.999,130.177
Broome Pearling Lugger Pidgin,-17.93,122.299
Ngawadj,-34.224,140.226
Tanganekald,-36.089,139.569
Yirawirung,-34.267,140.533
Bungandidj^,-37.225,140.512
Bindjali / Bodaruwitj,-36.423,140.492
Mardidjali,-36.968,141.643
WERGAIA,-35.869,142.121
Ngintait,-34.373,141.108
Yuyu,-34.099,140.999
Warki,-35.46,138.851
Dhauwurd Wurrung^,-38.156,141.54
Djadjala,-35.56,141.683
Jari Jari,-34.766,141.728
Keerray Woorroong^,-38.04,142.88
Knenknenwurrung,-37.067,142.859
Djab Wurrung^,-37.774,142.337
Jardwadjali^,-36.723,142.569
Dadi Dadi,-34.778,142.838
Wadawurrung,-37.838,143.921
South-western Tasmanian,-43.4,146.071
Ramindjeri,-35.461,138.711
Gulidjan,-38.228,143.696
Dja Dja Wurrung,-36.796,143.675
Weki Weki,-35.037,143.362
Boonwurrung,-38.46,145.575
Woiwurrung,-37.742,145.293
Taungurung,-37.032,145.48
Robbins Island Tasmanian,-40.667,144.956
Jabulajabula / Yabula Yabula,-35.711,145.107
Brataualung,-38.716,146.448
Portaulun,-35.352,139.204
Brayakaulung,-37.873,146.58
Tatungalung,-38.088,147.441
Gundungerre / Yaithmathang,-36.724,147.522
Dhudhuroa,-36.364,147.693
Brabralung,-37.499,147.328
Ngarigu / Ngarigo,-35.902,148.767
Walgalu,-35.696,148.605
Krauatungalang,-37.593,148.338
Bidawal,-37.383,149.053
Ngaralda,-35.019,139.228
Dyirringañ,-36.694,149.722
Circular Head Tasmanian,-40.857,145.374
Thawa,-37.167,149.599
Dhurga,-35.619,150.095
Walbunja,-35.824,149.885
Port Sorell Tasmanian,-41.276,146.568
Dharamba,-35.151,150.341
Ngadjon,-17.364,145.705
Dharawal,-34.566,150.679
Peramangk,-34.863,138.892
Gundungurra / Gandangara,-34.398,149.724
Eora,-33.778,151.175
Kuringgai,-33.406,151.334
Wanarruwa,-32.24,150.925
Dharug / Darug,-33.89,150.048
Darkinyung,-33.035,150.829
Awabakal,-33.055,151.527
KURNAI,-37.975,146.973
NGARRINDJERI,-35.758,139.269
Ngangaruku,-34.832,139.451
Buibadjali,-35.715,142.42
Piper River Tasmanian,-41.136,147.402
Gadubanud,-38.618,143.644
Mamu,-17.64,145.749
Djargurd Wurrong,-38.175,143.257
Gaiwurrung,-38.024,142.348
Little Swanport Tasmanian,-42.441,147.956
Koornkopanoot,-38.17,142.329
Bi:gwurrung,-38.294,142.274
Ngayawang,-34.403,139.502
Wirngilgnad dhalinanong,-38.488,143.021
Wulluwurrung,-37.843,141.634
Ngurai-illamwurrung,-36.473,145.082
Jagwadjali,-36.322,142.685
Biwadjali,-36.306,141.786
Pirtpirtwurrung,-37.414,142.799
Nundadjali,-37.389,141.8
Wotjobaluk,-35.724,143.0
Waywurru / Pallanganmiddang,-36.23,146.307
Yaraldi,-35.451,139.376
Minjambuta,-36.81,146.634
Hawkesbury River - Broken Bay language,-33.506,151.219
Ngarkat,-35.361,140.352
Northern Tasmanian,-41.325,146.034
Oyster Bay Tasmanian,-42.504,147.769
North-western Tasmanian,-41.246,144.872
North Midlands Tasmanian,-41.668,147.188
South-eastern Tasmanian,-43.226,146.998
Big River Tasmanian,-42.425,146.759
Cape Portland Tasmanian,-41.083,148.059
Balardong,-31.556,117.132
Yuat,-30.857,115.919
Amangu,-29.473,115.53
Watjanti,-28.1,114.688
Nhanda^,-26.725,113.974
Thaagurda,-27.17,114.799
Buluguda,-26.057,113.805
Malgana,-26.367,114.383
Yingkarta,-24.946,114.536
Bibulman,-34.419,115.947
Maya,-24.422,114.332
Tharrkari,-23.757,114.962
Warriyangga,-24.63,115.772
Bayungu,-23.209,113.952
Burduna,-23.048,115.115
Thiin,-23.712,116.68
Thalanyji,-22.523,114.941
Jiwarli,-23.497,115.901
Mirnang / Mineng,-34.722,117.565
Nhuwala,-21.539,115.686
Jurruru,-23.232,116.907
Pinikura,-23.031,116.373
Martuthunira,-21.405,116.451
Kurrama,-22.345,117.125
Yindjibarndi,-21.738,117.868
Ngarluma,-20.982,117.556
Kariyarra,-20.871,118.479
Wardandi,-33.857,115.438
Ngarla,-20.263,119.705
NOONGAR / NYOONGAR,-32.922,117.84
Janadjina,-24.736,118.267
Watjanmay,-30.429,119.987
Southern Yingkarta,-25.706,114.937
Yapurarra,-20.672,116.687
Jadira,-21.846,116.188
Kaniyang,-33.984,116.698
Nokaan,-27.243,115.168
Goreng / Koreng,-34.011,118.441
Mbabaram,-17.265,145.078
Bindjareb / Pinjarup,-32.898,115.917
Wiilman,-33.143,117.128
Wudjari,-33.667,120.592
Wajuk,-31.981,116.124
Koko Kai-kai,-16.247,145.451
Uw Oykangand,-15.6,142.021
Kuku Kulunggur,-16.432,145.344
Kuku Wakura,-16.67,144.216
Djabugay / Tjapukai^,-16.737,145.508
Areba,-17.01,142.223
Kuku Djangun / Djungan,-17.106,144.969
Wuthathi,-12.022,143.067
Bulway,-17.004,145.562
Yirrgay,-16.941,145.733
Gunggay,-16.962,145.915
Yidinj^,-17.087,145.766
Waribarra Mamu,-17.505,145.772
Madjay,-17.263,145.857
DYIRBAL / JIRRBAL,-17.74,145.661
Djiru,-17.907,146.052
Tagalaka,-18.197,142.961
Gulngay,-17.962,145.853
Girramay,-18.11,145.733
Gugu Badhun,-18.69,145.233
Nywaigi,-19.147,146.392
Luthigh,-11.928,142.117
Biyay,-18.348,146.169
Yanga,-19.086,143.465
Wamin,-18.781,144.141
Agwamin,-17.676,144.167
Warrungu,-18.034,145.24
Warrgamay^,-18.438,145.798
WULGURUKABA,-18.865,146.643
Mbarrumbathama,-14.882,143.834
Jabunbarra Jirrbal,-17.804,145.84
Yangathimri,-12.02,141.871
Walmalbarra,-18.059,145.996
Jirribarra Mamu,-17.612,146.051
Gambilbarra Jirrbal,-17.681,145.39
Buluguyban,-18.708,146.562
Mulgu,-18.734,146.623
Coonambella,-19.265,146.818
Marrett River language,-14.394,144.174
China Camp,-16.047,145.299
Teppathiggi,-12.077,142.073
Guluy,-16.935,145.447
Kuku Jakandji,-16.65,145.211
Nyagali,-16.548,145.452
Kuku Yalaja,-16.121,144.543
Wanyurr,-17.383,145.943
Dhalundhirr,-15.254,145.28
Waguurrga,-15.113,144.925
Kuuku I'yu,-12.188,142.88
Ngadhugudi,-12.078,142.349
Kuuku Yani,-13.922,143.431
Ogh Igadj,-16.403,142.157
Wik Iyanh,-14.43,141.937
Wik-Keyangan,-14.19,141.905
Kugu Ugbanh,-14.508,141.635
Kugu Uwanh,-14.559,141.651
Kugu Yi'anh,-14.487,141.655
Itinadyana,-12.126,142.654
Nhawalgaba,-19.235,146.789
Atampaya,-11.585,142.329
Uradhi^,-11.891,142.159
Awngthim,-12.712,141.821
Mpakwithi,-12.284,141.933
Mutyanthi,-11.917,142.787
Kokiny,-16.476,141.586
Yumukuntyi,-10.915,142.465
Gudang,-10.867,142.588
Andooyomo,-10.938,142.607
Uyungkuthi,-12.084,142.656
Utyangikwathiya,-11.892,142.472
Rimanggudinhma,-14.487,143.783
Ogh Ikarranggal,-14.633,143.942
Ogh Alungul,-14.681,144.076
Yuputhimri,-12.154,141.795
Kala Lagaw Ya^,-10.112,142.193
Kuuk Yak,-14.877,141.732
Ogh Awarrangg,-16.073,143.004
Koko Babangk,-15.816,141.483
Ogh Undjan,-16.266,142.392
Uw El,-15.146,141.828
Kok Wap,-15.395,141.724
Anguthimri,-12.378,141.836
Kirka,-14.931,141.666
Uutaalnganu,-13.099,143.341
Yirrk-Thangalkl,-15.301,141.617
Kuuk Thaayunth,-14.953,141.646
Ngaygungu,-17.385,145.376
Cleveland Bay,-19.293,146.865
Alodja,-15.679,144.826
Nyuwathayi,-12.409,142.313
Biyay,-18.577,146.235
Kugu Mu'inh,-14.647,141.64
Adithinngithigh,-12.924,141.711
Kuuku Ya'u,-12.542,143.034
Yaraytyana,-11.092,142.706
Yatay,-10.683,142.624
Wakaman,-17.21,144.598
Wimaranga,-12.38,141.687
Thaynakwith,-12.558,141.932
Mpalitjanh,-12.102,142.278
Linngithigh,-13.173,141.822
Ntrwa'ngayth,-13.101,141.638
Ungawangadi,-12.649,142.062
Yinwum,-12.7,142.725
Kalaw Kawaw Ya,-9.352,142.479
Ladamngid,-12.883,141.833
MAMANGATHI,-12.555,141.987
Alngith,-12.644,141.927
Arraythinngith,-12.952,141.933
Ngkoth,-12.828,142.052
Trotj,-12.751,142.406
Ntra'ngith,-12.502,142.109
Meriam Mir,-9.683,143.775
Mbiywom,-12.968,142.17
Kugu Muminh,-14.421,141.651
Kaanju / Kaantju,-13.398,142.972
Umpila,-13.644,143.431
Wik Adinda,-13.493,141.611
Wik Paach,-13.346,141.673
Wik Ompom,-13.344,142.086
Wik Elken,-13.717,141.6
Kulkalgaw Ya,-9.942,143.039
Umpithamu,-14.036,143.449
Wik Ngatharr,-13.754,141.608
Wik Epa,-13.895,141.789
Wik Me'anh,-14.012,141.928
Wik Ngathan,-14.064,141.648
Morrobolam,-14.252,143.535
Wik Mungkan,-13.723,142.326
KUGU NGANHCARA,-14.49,141.792
Kawalgaw Ya,-10.643,142.214
Ayapathu,-14.419,143.24
Flinders Island (retired),-14.276,144.389
Barrow Point,-14.476,144.594
Pakanh,-14.591,142.348
Aghu Tharnggala,-14.923,144.136
Wurangung,-14.6,143.567
Kuuk Thaayorre,-14.909,141.787
Djagaraga,-10.816,142.52
Gugu Rarmul,-14.768,144.11
Yir Yoront,-15.126,141.712
Uw Olkola,-15.348,142.699
Gugu Yawa,-15.38,144.031
KUKU YALANJI,-16.497,144.629
Guugu-Nyiguudyi,-14.654,144.785
Angkamuthi,-11.314,142.294
Kuku-Warra,-15.094,144.612
GUUGU YIMITHIRR,-15.085,144.943
KUNJEN,-15.724,142.654
Kuku Thaypan,-14.66,143.914
Koko Bera,-15.635,141.621
Kuku Bididji,-15.749,144.997
Kuku Buyunji,-16.219,145.342
Kuku Tungay,-16.017,145.348
Yadhaykenu,-11.484,142.726
Kuku Nyungkul,-15.75,145.251
Koko Dhawa,-16.051,141.806
Kuku Mini,-16.053,143.461
Kutjal,-17.312,143.221
Muluridji,-17.119,145.35
Kuku Waldja / Wulpura,-16.226,145.077
